"X","saison","rank","champion","tot_win","tot_lose","avg_kills","avg_deaths","avg_assists","gold","nb_kill_mobs","max_kills","max_deaths","avg_dmg_dealt","avg_dmg_taken","dk","tk","qk","quintu","winrate","nb_games","kd_rate","role"
0,"12",1,"Akshan",58,39,9.4,5.5,5.5,12695,185,28,13,130093,17285,122,19,0,0,59,97,2.70909090909091,"Mid"
1,"12",2,"Veigar",9,7,6.6,4.6,5.1,12140,206.5,11,9,150255,15666,8,0,0,0,56,16,2.54347826086957,"Mid"
2,"12",3,"Viktor",6,9,5.7,6,5.3,12311,197.7,13,10,142283,16583,8,2,1,0,40,15,1.83333333333333,"Mid"
3,"12",4,"Lux",8,6,7,3.9,9.4,12373,207.5,16,7,143237,13941,13,1,0,0,57,14,4.20512820512821,"Mid"
4,"12",5,"Zilean",7,7,5.9,3.3,11,12040,195.5,12,8,144990,21851,5,0,0,0,50,14,5.12121212121212,"Support"
5,"12",6,"Ezreal",4,5,5.2,4.7,5.7,11261,184.4,14,10,127348,15567,8,1,0,0,44,9,2.31914893617021,"Bot"
6,"12",7,"Anivia",4,3,5.6,3.7,6.9,10890,180.4,8,5,115149,17911,0,0,0,0,57,7,3.37837837837838,"Mid"
7,"12",8,"Sivir",2,4,9,3.8,6.5,11395,172.5,19,7,127338,14487,4,1,0,0,33,6,4.07894736842105,"Bot"
8,"12",9,"Séraphine",3,2,5.8,4,7.6,10184,172,14,7,107947,11929,4,1,0,0,60,5,3.35,"Support"
9,"12",10,"Kai'Sa",2,2,7.8,5,6,11156,173.3,13,8,109016,14048,2,0,0,0,50,4,2.76,"Bot"
10,"12",11,"Kayle",2,0,9.5,3.5,4,13141,208,12,7,133195,19401,3,1,0,0,100,2,3.85714285714286,"Top"
11,"12",12,"Malzahar",1,1,6.5,5,8.5,12250,223,7,7,144300,12558,1,0,0,0,50,2,3,"Mid"
12,"12",13,"Twisted Fate",1,0,10,1,7,10638,140,10,1,87050,11037,0,0,0,0,100,1,17,"Mid"
13,"12",14,"Kalista",1,0,15,4,7,17909,242,15,4,250760,30691,1,0,0,0,100,1,5.5,"Bot"
14,"12",15,"Ivern",0,1,2,5,6,9741,141,2,5,352666,19291,0,0,0,0,0,1,1.6,"Jungle"
15,"12",16,"Ahri",0,1,1,3,3,7770,177,1,3,102915,11681,0,0,0,0,0,1,1.33333333333333,"Mid"
16,"12",17,"Gangplank",0,1,0,4,1,6083,129,0,4,69071,9512,0,0,0,0,0,1,0.25,"Top"
17,"12",18,"Teemo",0,1,7,9,1,13553,194,7,9,136119,29537,0,0,0,0,0,1,0.888888888888889,"Top"
18,"12",19,"Vel'Koz",0,1,12,6,11,13842,175,12,6,134607,18163,1,0,0,0,0,1,3.83333333333333,"Mid"
19,"12",20,"Ashe",0,1,8,8,17,15368,226,8,8,183153,23771,1,0,0,0,0,1,3.125,"Bot"
20,"12",21,"Corki",0,1,9,8,6,16668,246,9,8,207770,22061,1,0,0,0,0,1,1.875,"Mid"
21,"12",22,"Singed",0,1,0,5,0,5458,125,0,5,61498,13706,0,0,0,0,0,1,0,"Top"
22,"3",1,"Twitch",178,121,9.6,5.3,6,12073,169.5,28,15,121100,19780,379,59,7,3,59,299,2.94339622641509,"Bot"
23,"3",2,"Brand",61,51,8.6,5.8,7,12066,161.8,22,12,119792,19932,97,19,1,0,54,112,2.68965517241379,"Support"
24,"3",3,"Lux",47,50,6.9,5.7,9.5,11201,147,19,14,117815,15779,44,6,0,0,48,97,2.87719298245614,"Mid"
25,"3",4,"Corki",44,47,9.1,5.3,6.5,12350,190.5,23,12,144618,22357,101,13,4,0,48,91,2.94339622641509,"Mid"
26,"3",5,"Pantheon",52,33,10,5,5,12752,179,22,12,131118,23242,93,13,4,0,61,85,3,"Support"
27,"3",6,"Irelia",13,14,7.6,5.6,7.1,11615,172.9,14,14,98363,29610,18,1,0,0,48,27,2.625,"Top"
28,"3",7,"Draven",6,13,6.8,5.9,5.3,9890,148.1,20,11,101326,18063,13,1,0,0,31,19,2.05084745762712,"Bot"
29,"3",8,"Nasus",8,10,6.2,4.6,9.9,11640,70.6,13,8,180798,37344,9,0,0,0,44,18,3.5,"Top"
30,"3",9,"Shaco",11,5,8,5.1,10,10330,41.9,16,10,117485,18556,9,1,0,0,68,16,3.52941176470588,"Jungle"
31,"3",10,"Janna",5,7,0.7,4.2,12,7046,14.8,3,8,18128,13430,0,0,0,0,41,12,3.02380952380952,"Support"
32,"3",11,"Blitzcrank",4,8,1,7.1,11,7397,18.8,4,10,25131,22985,0,0,0,0,33,12,1.69014084507042,"Support"
33,"3",12,"Ziggs",2,10,4.1,6.4,4.1,10034,173.1,12,11,145206,16697,3,0,0,0,16,12,1.28125,"Mid"
34,"3",13,"Singed",3,7,4.7,4.8,8.5,11589,192.9,13,8,124088,31523,4,0,0,0,30,10,2.75,"Top"
35,"3",14,"Diana",5,3,9.1,5.9,7.8,12047,156.4,13,12,145960,21804,5,0,0,0,62,8,2.86440677966102,"Jungle"
36,"3",15,"Fizz",4,4,6.9,5.5,5.6,9033,101.1,12,12,63778,17506,4,0,0,0,50,8,2.27272727272727,"Mid"
37,"3",16,"Vayne",7,0,5.7,5.7,6.9,11841,170.3,16,9,116777,20899,6,0,0,0,100,7,2.21052631578947,"Bot"
38,"3",17,"Swain",5,2,7.4,5,9.7,11077,133.1,19,12,102400,27334,6,1,0,0,71,7,3.42,"Support"
39,"3",18,"Caitlyn",2,5,5.3,4.9,7.1,10456,173,8,10,122520,17839,2,0,0,0,28,7,2.53061224489796,"Bot"
40,"3",19,"Alistar",4,2,2,4.5,15,9191,24.2,5,9,26645,27823,0,0,0,0,66,6,3.77777777777778,"Support"
41,"3",20,"Cassiopeia",3,2,7.2,7.4,6.2,9802,109,11,9,83209,17530,5,0,0,0,60,5,1.81081081081081,"Mid"
42,"3",21,"Gragas",2,3,4.8,4.4,3.8,9708,169.2,13,7,121208,16963,2,1,0,0,40,5,1.95454545454545,"Top"
43,"3",22,"Udyr",1,4,3.2,5,4.6,7024,17.8,9,12,73147,23948,1,0,0,0,20,5,1.56,"Jungle"
44,"3",23,"Jax",1,3,9.3,6.8,8.3,11829,167,13,9,111087,30213,3,1,0,0,25,4,2.58823529411765,"Top"
45,"3",24,"Gangplank",0,4,8.5,9.3,11,16228,235.5,10,13,177906,42978,3,0,0,0,0,4,2.09677419354839,"Top"
46,"3",25,"Ezreal",2,1,9.7,4,9.3,11941,164.3,12,5,121825,17957,4,0,0,0,66,3,4.75,"Bot"
47,"3",26,"Sona",2,1,1.3,6.7,15,9369,21,3,9,28680,19232,1,0,0,0,66,3,2.43283582089552,"Support"
48,"3",27,"Annie",1,2,6.7,6.3,5.3,10370,60.3,9,9,55572,17003,3,0,0,0,33,3,1.9047619047619,"Mid"
49,"3",28,"Orianna",1,2,5.7,6,4.3,10826,184.3,10,7,136765,14858,1,0,0,0,33,3,1.66666666666667,"Mid"
50,"3",29,"Jarvan IV",2,0,2,5,11,9373,94.5,4,5,88699,25901,0,0,0,0,100,2,2.6,"Jungle"
51,"3",30,"Jinx",1,1,4,5,8,12069,219.5,6,6,163007,22679,0,0,0,0,50,2,2.4,"Bot"
52,"3",31,"Tryndamere",1,1,5,9,4.5,11977,175,6,11,160376,34171,2,0,0,0,50,2,1.05555555555556,"Top"
53,"3",32,"Nidalee",1,1,2.5,3.5,6,6986,97.5,4,4,74759,14276,0,0,0,0,50,2,2.42857142857143,"Jungle"
54,"3",33,"Varus",0,2,1.5,6.5,0.5,6550,133,2,7,69991,14109,0,0,0,0,0,2,0.307692307692308,"Bot"
55,"3",34,"Kassadin",0,2,6.5,6.5,7.5,12120,191,8,7,144463,31472,1,0,0,0,0,2,2.15384615384615,"Mid"
56,"3",35,"Twisted Fate",0,2,4.5,5.5,4,11172,174.5,9,7,144038,17694,2,0,0,0,0,2,1.54545454545455,"Mid"
57,"3",36,"Akali",0,2,5,9.5,5.5,9111,124.5,5,10,79469,25128,0,0,0,0,0,2,1.10526315789474,"Mid"
58,"3",37,"Nunu et Willump",0,2,2,3,10,6356,23.5,2,3,21099,21673,0,0,0,0,0,2,4,"Jungle"
59,"3",38,"Evelynn",0,2,4.5,7.5,5,8579,49.5,7,8,122048,23161,0,0,0,0,0,2,1.26666666666667,"Jungle"
60,"3",39,"Amumu",0,2,4,2.5,3,7442,29.5,6,4,116575,20207,0,0,0,0,0,2,2.8,"Jungle"
61,"3",40,"Olaf",1,0,14,3,16,13094,128,14,3,80628,27831,1,0,0,0,100,1,10,"Jungle"
62,"3",41,"Wukong",1,0,2,10,17,8790,33,2,10,122445,25190,0,0,0,0,100,1,1.9,"Top"
63,"3",42,"Maître Yi",1,0,10,4,6,11234,138,10,4,147647,21036,3,0,0,0,100,1,4,"Jungle"
64,"3",43,"Teemo",1,0,2,3,2,7676,151,2,3,65519,9652,0,0,0,0,100,1,1.33333333333333,"Top"
65,"3",44,"Soraka",1,0,0,8,10,6632,17,0,8,12877,16876,0,0,0,0,100,1,1.25,"Support"
66,"3",45,"Riven",1,0,13,11,1,15427,158,13,11,133665,30626,0,0,0,0,100,1,1.27272727272727,"Top"
67,"3",46,"Tristana",0,1,3,3,0,5932,125,3,3,46224,7462,1,0,0,0,0,1,1,"Bot"
68,"3",47,"Kayle",0,1,3,14,13,13922,216,3,14,202613,38715,0,0,0,0,0,1,1.14285714285714,"Top"
69,"3",48,"Fiddlesticks",0,1,2,6,1,5153,87,2,6,40008,10992,0,0,0,0,0,1,0.5,"Jungle"
70,"3",49,"Xin Zhao",0,1,2,9,16,8655,77,2,9,145173,30945,0,0,0,0,0,1,2,"Jungle"
71,"3",50,"Aatrox",0,1,12,5,12,17894,94,12,5,232721,60983,1,0,0,0,0,1,4.8,"Top"
72,"4",1,"Brand",80,56,8.9,5.9,7.4,12426,168.7,21,13,117355,19692,129,11,1,0,58,136,2.76271186440678,"Support"
73,"4",2,"Varus",40,30,8.6,5.9,7.6,12790,190.8,20,14,137494,20482,74,12,3,0,57,70,2.74576271186441,"Bot"
74,"4",3,"Pantheon",29,24,8.2,6.3,5.5,11945,175.2,16,13,122512,22494,52,10,1,1,54,53,2.17460317460317,"Support"
75,"4",4,"Akali",26,20,9.6,7.2,6.2,12580,163.1,24,14,114447,31610,53,11,2,0,56,46,2.19444444444444,"Mid"
76,"4",5,"Twitch",22,22,8.9,5.2,6,11462,162.8,20,11,100552,20262,56,7,1,0,50,44,2.86538461538462,"Bot"
77,"4",6,"Lissandra",23,20,5.3,5.3,7.7,11337,197.7,13,13,132377,19845,23,2,0,0,53,43,2.45283018867925,"Mid"
78,"4",7,"Ziggs",22,19,6.4,5,7,11777,198.1,14,12,152953,15724,19,3,0,0,53,41,2.68,"Mid"
79,"4",8,"Talon",18,8,10,8,6,12661,166.5,19,14,128504,21086,36,4,0,0,69,26,2,"Mid"
80,"4",9,"Orianna",9,16,4.4,4.9,5.8,10105,168.5,10,10,115952,14600,7,1,0,0,36,25,2.08163265306122,"Mid"
81,"4",10,"Graves",9,12,6.2,5.5,6.9,11154,186.1,14,10,118358,19757,16,4,0,0,42,21,2.38181818181818,"Jungle"
82,"4",11,"Warwick",6,6,4.7,2.9,7.8,10345,139.8,10,6,72923,30343,5,1,0,0,50,12,4.31034482758621,"Jungle"
83,"4",12,"Hecarim",2,5,4.6,7.7,8.1,10271,47,6,10,133549,32266,4,1,0,0,28,7,1.64935064935065,"Jungle"
84,"4",13,"Nidalee",3,3,6.3,5.8,5.5,11167,174,11,11,125776,24523,3,1,0,0,50,6,2.03448275862069,"Jungle"
85,"4",14,"Karthus",2,3,6.4,5,6.6,12163,193.6,13,13,173085,19789,4,0,0,0,40,5,2.6,"Jungle"
86,"4",15,"Blitzcrank",2,1,1.7,4.7,10,7830,18,2,5,25044,17308,0,0,0,0,66,3,2.48936170212766,"Support"
87,"4",16,"Leona",2,1,2,3,11,8328,50,3,5,33538,17362,0,0,0,0,66,3,4.33333333333333,"Support"
88,"4",17,"Ezreal",0,3,5,6.7,3,8270,132.7,9,9,78421,15534,0,0,0,0,0,3,1.19402985074627,"Bot"
89,"4",18,"Soraka",1,1,1,3.5,10,6963,17.5,2,4,14117,12384,0,0,0,0,50,2,3.14285714285714,"Support"
90,"4",19,"Janna",1,1,1.5,5.5,17,10515,22.5,2,6,24003,20943,0,0,0,0,50,2,3.36363636363636,"Support"
91,"4",20,"Tristana",0,2,3,5.5,3,7328,133,5,8,62070,16495,0,0,0,0,0,2,1.09090909090909,"Bot"
92,"4",21,"Quinn",1,0,9,10,9,20577,348,9,10,272814,35755,0,0,0,0,100,1,1.8,"Top"
93,"4",22,"Jax",1,0,8,5,8,12247,49,8,5,166728,27508,1,0,0,0,100,1,3.2,"Top"
94,"4",23,"Kog'Maw",1,0,16,5,10,15128,150,16,5,125125,23944,5,0,0,0,100,1,5.2,"Bot"
95,"4",24,"Corki",0,1,13,13,1,18557,219,13,13,236617,40739,2,0,0,0,0,1,1.07692307692308,"Mid"
96,"4",25,"Fizz",0,1,6,5,3,8393,116,6,5,73112,22520,0,0,0,0,0,1,1.8,"Mid"
97,"4",26,"Swain",0,1,2,7,5,6659,91,2,7,41140,21116,0,0,0,0,0,1,1,"Support"
98,"4",27,"Irelia",0,1,6,11,5,11633,184,6,11,109458,49137,0,0,0,0,0,1,1,"Top"
99,"4",28,"Kassadin",0,1,7,6,11,17028,254,7,6,213179,30878,1,0,0,0,0,1,3,"Mid"
100,"4",29,"Fiddlesticks",0,1,9,5,7,11487,51,9,5,140563,33518,1,0,0,0,0,1,3.2,"Jungle"
101,"4",30,"Gangplank",0,1,4,4,5,7855,112,4,4,47920,15928,0,0,0,0,0,1,2.25,"Top"
102,"5",1,"Cassiopeia",76,63,8.4,5.3,6.3,12120,189.7,21,13,132316,19867,145,28,6,0,54,139,2.77358490566038,"Mid"
103,"5",2,"Corki",67,50,8.3,4.6,7.9,12922,206.9,23,12,157629,20239,139,28,6,1,57,117,3.52173913043478,"Mid"
104,"5",3,"Brand",48,36,9.4,6.4,9.2,12765,156.2,20,13,127237,20833,70,8,2,1,57,84,2.90625,"Support"
105,"5",4,"Twisted Fate",21,16,8.6,6,9.3,13645,182.8,24,11,152286,19619,38,7,3,0,56,37,2.98333333333333,"Mid"
106,"5",5,"Orianna",21,14,5.7,4.2,7.4,10872,177,16,11,120292,13208,21,1,1,0,60,35,3.11904761904762,"Mid"
107,"5",6,"Lux",14,8,8,4,8.3,11608,177,17,8,130552,12130,18,5,0,0,63,22,4.075,"Mid"
108,"5",7,"Azir",12,9,7.3,5.7,5.9,11698,177.9,21,12,128431,18147,20,2,1,0,57,21,2.31578947368421,"Mid"
109,"5",8,"Varus",10,10,6.6,5.7,5.3,10786,186.8,19,12,132517,15085,16,2,0,0,50,20,2.08771929824561,"Bot"
110,"5",9,"Akali",11,6,10,5,4,11754,155.9,19,11,112868,26795,28,6,1,0,64,17,2.8,"Mid"
111,"5",10,"Vladimir",7,10,6.5,8.1,5.5,11593,182.2,13,16,146284,32710,12,2,0,0,41,17,1.48148148148148,"Mid"
112,"5",11,"Draven",10,6,8.4,5.3,7.3,13999,198.5,18,12,172822,20313,18,4,1,0,62,16,2.9622641509434,"Bot"
113,"5",12,"Janna",7,9,0.8,4,13,8312,14.4,3,9,16444,15318,1,0,0,0,43,16,3.45,"Support"
114,"5",13,"Skarner",13,2,4.9,4.1,14,11839,39.9,11,9,117474,33862,2,0,0,0,86,15,4.60975609756098,"Jungle"
115,"5",14,"Jinx",4,11,5.8,5.7,5.6,10875,191.4,14,11,134928,16152,11,0,0,0,26,15,2,"Bot"
116,"5",15,"Pantheon",8,6,7.9,5.5,8.8,11241,126.2,15,9,109174,20362,7,1,0,0,57,14,3.03636363636364,"Support"
117,"5",16,"Fizz",6,7,9.2,6.1,5.2,10781,136.2,16,11,88328,20391,15,3,1,0,46,13,2.36065573770492,"Mid"
118,"5",17,"Cho'Gath",5,8,5.5,5.2,4.9,11182,201.9,16,8,147935,29390,4,1,0,0,38,13,2,"Top"
119,"5",18,"Ezreal",6,6,8.4,4.3,5.6,12175,191.3,21,9,139580,16324,15,2,1,0,50,12,3.25581395348837,"Bot"
120,"5",19,"Sivir",6,5,8.5,5.5,10,14574,236,17,8,209962,22210,9,4,0,0,54,11,3.36363636363636,"Bot"
121,"5",20,"Irelia",6,5,7.4,5.5,6.7,11790,184.6,20,12,111513,28416,4,0,0,0,54,11,2.56363636363636,"Top"
122,"5",21,"Lissandra",3,8,6.2,7.2,6.1,10870,168.9,16,12,128466,19922,6,0,0,0,27,11,1.70833333333333,"Mid"
123,"5",22,"Ziggs",6,4,6.3,4.4,7.9,11265,194.8,11,7,137462,13983,7,0,0,0,60,10,3.22727272727273,"Mid"
124,"5",23,"Fiora",3,7,6.4,5.6,4,10852,174.9,12,8,121359,27109,5,2,1,0,30,10,1.85714285714286,"Top"
125,"5",24,"Twitch",4,5,9.2,7.4,9.4,13047,180.6,16,13,138349,24986,11,2,0,0,44,9,2.51351351351351,"Bot"
126,"5",25,"Veigar",3,4,6.4,6.4,4.4,10580,180.4,11,10,135542,15838,2,0,0,0,42,7,1.6875,"Mid"
127,"5",26,"Caitlyn",2,4,5.5,6.7,6.2,13065,228.5,12,11,175964,19984,4,1,0,0,33,6,1.74626865671642,"Bot"
128,"5",27,"Diana",3,1,8.5,8.3,10,13651,127.8,14,16,167117,25341,3,0,0,0,75,4,2.2289156626506,"Jungle"
129,"5",28,"Trundle",2,1,3,4.3,4.7,10402,180.3,4,7,106060,29251,0,0,0,0,66,3,1.7906976744186,"Jungle"
130,"5",29,"Ryze",2,1,7,3,6.3,10511,168.3,11,5,108135,15848,0,0,0,0,66,3,4.43333333333333,"Mid"
131,"5",30,"Viktor",2,1,8.3,5,9.3,12193,179.7,14,7,128401,17318,3,2,1,0,66,3,3.52,"Mid"
132,"5",31,"Alistar",0,3,1.7,6.3,11,7671,36.7,4,7,22740,25021,0,0,0,0,0,3,2.01587301587302,"Support"
133,"5",32,"Anivia",2,0,11,2,8,12670,190.5,14,4,146202,17822,3,0,0,0,100,2,9.5,"Mid"
134,"5",33,"Graves",1,1,8.5,7.5,9,16622,253.5,13,8,219992,30177,2,0,0,0,50,2,2.33333333333333,"Jungle"
135,"5",34,"Morgana",0,2,1,5.5,11,9873,22.5,2,6,27913,16801,1,0,0,0,0,2,2.18181818181818,"Support"
136,"5",35,"Kog'Maw",0,2,1,4.5,2,8562,190.5,2,6,125772,15676,0,0,0,0,0,2,0.666666666666667,"Bot"
137,"5",36,"Syndra",0,2,8.5,5.5,5,15620,223.5,10,7,177433,23785,4,0,0,0,0,2,2.45454545454545,"Mid"
138,"5",37,"Blitzcrank",1,0,1,3,8,7599,44,1,3,28526,13693,0,0,0,0,100,1,3,"Support"
139,"5",38,"Wukong",1,0,9,5,7,13830,62,9,5,178211,30325,1,0,0,0,100,1,3.2,"Top"
140,"5",39,"Karthus",1,0,9,7,7,15275,225,9,7,170487,29267,2,0,0,0,100,1,2.28571428571429,"Jungle"
141,"5",40,"Talon",1,0,11,2,0,10322,155,11,2,110514,14629,2,0,0,0,100,1,5.5,"Mid"
142,"5",41,"Maître Yi",0,1,5,3,4,7238,37,5,3,83713,17021,0,0,0,0,0,1,3,"Jungle"
143,"5",42,"Heimerdinger",0,1,1,5,6,8418,196,1,5,110410,13414,0,0,0,0,0,1,1.4,"Mid"
144,"5",43,"Lee Sin",0,1,10,4,5,9679,22,10,4,79115,21165,1,0,0,0,0,1,3.75,"Jungle"
145,"5",44,"Ekko",0,1,4,7,0,5102,57,4,7,23857,11552,0,0,0,0,0,1,0.571428571428571,"Mid"
146,"5",45,"Rengar",0,1,14,11,5,13412,30,14,11,136220,35680,5,0,0,0,0,1,1.72727272727273,"Jungle"
147,"5",46,"Soraka",0,1,1,7,24,10723,28,1,7,28085,19173,0,0,0,0,0,1,3.57142857142857,"Support"
148,"5",47,"Tryndamere",0,1,10,6,3,14494,263,10,6,205890,44987,2,0,0,0,0,1,2.16666666666667,"Top"
149,"6",1,"Ezreal",99,82,6.5,4.5,6.7,12043,188.9,21,10,128721,16060,154,16,2,0,54,181,2.93333333333333,"Bot"
150,"6",2,"Lux",93,62,7.3,4.2,7.7,12647,193.4,21,12,142483,12855,97,13,3,0,60,155,3.57142857142857,"Mid"
151,"6",3,"Ziggs",63,37,7.2,4.7,6.9,13314,214.6,19,14,190883,16065,74,11,0,0,63,100,3,"Mid"
152,"6",4,"Azir",37,43,6.3,5.2,6.2,12214,201.6,23,11,142231,18690,54,14,3,0,46,80,2.40384615384615,"Mid"
153,"6",5,"Corki",33,24,6.7,4,6.3,12096,187.6,17,11,134082,17199,46,9,0,0,57,57,3.25,"Mid"
154,"6",6,"Twisted Fate",23,25,7,4.9,7.1,12297,176.2,17,11,129233,17798,33,0,0,0,47,48,2.87755102040816,"Mid"
155,"6",7,"Twitch",16,17,6.2,6.8,6,11823,175.3,14,13,113844,18986,18,2,0,0,48,33,1.79411764705882,"Bot"
156,"6",8,"Viktor",13,14,7.6,5.9,5.7,12992,209.4,19,11,163691,18078,17,3,1,0,48,27,2.25423728813559,"Mid"
157,"6",9,"Cassiopeia",8,14,5.4,4.7,4.8,10875,179.3,12,11,107585,18021,14,2,0,0,36,22,2.17021276595745,"Mid"
158,"6",10,"Jinx",9,11,4.4,5.9,5.8,10632,173.3,12,12,115561,16151,13,4,0,0,45,20,1.72881355932203,"Bot"
159,"6",11,"Brand",8,9,5.6,6.3,6.7,10663,123.9,15,10,82360,17694,7,0,0,0,47,17,1.95238095238095,"Support"
160,"6",12,"Veigar",7,10,8.6,5.6,5.6,13047,214.3,20,10,169921,17697,10,0,0,0,41,17,2.53571428571429,"Mid"
161,"6",13,"Singed",9,7,3.3,6.5,10,12567,216.5,6,11,129335,34861,3,1,0,0,56,16,2.04615384615385,"Top"
162,"6",14,"Orianna",2,10,7.5,5.7,6.1,12843,201.3,13,11,146968,18406,9,1,0,0,16,12,2.3859649122807,"Mid"
163,"6",15,"Skarner",7,3,5.8,6,8.7,12882,46.7,14,9,142870,34504,5,1,0,0,70,10,2.41666666666667,"Jungle"
164,"6",16,"Caitlyn",2,8,3.9,6.2,5,10469,181.9,11,12,123738,15964,5,1,0,0,20,10,1.43548387096774,"Bot"
165,"6",17,"Kog'Maw",3,6,7.8,5.2,7.1,12976,199.4,15,10,133467,19757,9,2,0,0,33,9,2.86538461538461,"Bot"
166,"6",18,"Syndra",4,4,6.1,5.6,6.3,12778,210.9,8,8,154865,17165,2,0,0,0,50,8,2.21428571428571,"Mid"
167,"6",19,"Vladimir",3,3,6,6.7,7.7,13740,224.7,10,9,156881,36328,4,1,0,0,50,6,2.04477611940298,"Mid"
168,"6",20,"Ivern",3,2,7.2,6.4,16,14333,51.6,10,9,490257,30613,3,0,0,0,60,5,3.625,"Jungle"
169,"6",21,"Gangplank",2,3,8.4,4.8,8.4,16441,261.8,12,8,253713,25340,5,2,0,0,40,5,3.5,"Top"
170,"6",22,"Varus",2,3,5.2,5.8,5.8,11569,201.2,13,9,141138,17006,2,1,1,0,40,5,1.89655172413793,"Bot"
171,"6",23,"Janna",3,1,0.3,2.8,11,7891,9.8,1,5,12580,10404,0,0,0,0,75,4,4.03571428571429,"Support"
172,"6",24,"Lissandra",3,0,7,5.3,9,14033,215.3,11,7,166719,20301,1,0,0,0,100,3,3.0188679245283,"Mid"
173,"6",25,"Pantheon",2,1,8.7,12,9,15878,176.7,10,14,141246,38959,3,0,0,0,66,3,1.475,"Support"
174,"6",26,"Kennen",1,2,3,3.3,7,8046,152,5,5,63127,13944,0,0,0,0,33,3,3.03030303030303,"Top"
175,"6",27,"Fizz",1,2,7,5,3,9398,151.3,11,6,74026,13790,3,0,0,0,33,3,2,"Mid"
176,"6",28,"Karthus",1,2,7,7.3,9.3,14679,204,12,11,181577,33246,4,1,0,0,33,3,2.23287671232877,"Jungle"
177,"6",29,"Draven",2,0,11,10,51,19543,201.5,14,15,208721,35373,3,0,0,0,100,2,6.2,"Bot"
178,"6",30,"Sivir",1,1,7.5,3.5,7,10748,176,11,4,121581,12936,2,0,0,0,50,2,4.14285714285714,"Bot"
179,"6",31,"Blitzcrank",0,2,2.5,6,5.5,8432,48.5,3,6,28166,18557,0,0,0,0,0,2,1.33333333333333,"Support"
180,"6",32,"Ekko",1,0,7,4,3,9094,122,7,4,76406,16267,0,0,0,0,100,1,2.5,"Mid"
181,"6",33,"Soraka",1,0,0,3,12,8726,5,0,3,11868,7843,0,0,0,0,100,1,4,"Support"
182,"6",34,"Ashe",1,0,6,1,6,11030,177,6,1,119330,10283,1,1,0,0,100,1,12,"Bot"
183,"6",35,"Nidalee",0,1,6,7,7,7612,20,6,7,60057,17313,1,0,0,0,0,1,1.85714285714286,"Jungle"
184,"6",36,"Gragas",0,1,1,7,5,7301,111,1,7,59790,21442,0,0,0,0,0,1,0.857142857142857,"Top"
185,"6",37,"Lee Sin",0,1,4,6,11,12061,205,4,6,129904,22309,0,0,0,0,0,1,2.5,"Jungle"
186,"6",38,"Diana",0,1,3,17,11,16576,243,3,17,230915,47069,1,0,0,0,0,1,0.823529411764706,"Jungle"
187,"6",39,"Alistar",0,1,1,6,14,9160,47,1,6,28531,36183,0,0,0,0,0,1,2.5,"Support"
188,"6",40,"Ryze",0,1,8,6,5,15356,268,8,6,269050,30291,0,0,0,0,0,1,2.16666666666667,"Mid"
189,"6",41,"Morgana",0,1,1,5,5,7144,30,1,5,20509,13847,0,0,0,0,0,1,1.2,"Support"
190,"6",42,"Olaf",0,1,3,5,3,7641,133,3,5,68078,18533,0,0,0,0,0,1,1.2,"Jungle"
191,"7",1,"Ziggs",154,96,7.1,4.4,7.1,13210,228,23,13,189079,15663,0,0,0,0,61,250,3.22727272727273,"Mid"
192,"7",2,"Lux",71,56,6.3,4.4,7.5,12268,209.2,15,10,143899,12661,0,0,0,0,55,127,3.13636363636364,"Mid"
193,"7",3,"Ezreal",39,49,7.4,5.1,7,12829,208.9,18,11,144261,17854,0,0,0,0,44,88,2.82352941176471,"Bot"
194,"7",4,"Azir",41,41,6.2,4.8,5.5,11924,205.2,17,14,143072,17578,0,0,0,0,50,82,2.4375,"Mid"
195,"7",5,"Twisted Fate",37,24,7,4.6,7.5,12713,189.5,16,11,136919,18503,0,0,0,0,60,61,3.15217391304348,"Mid"
196,"7",6,"Viktor",22,23,7,4.5,6,12114,199.7,14,9,142086,15024,0,0,0,0,48,45,2.88888888888889,"Mid"
197,"7",7,"Caitlyn",16,20,4.3,4.9,5.4,10677,192.4,13,13,130505,15123,0,0,0,0,44,36,1.97959183673469,"Bot"
198,"7",8,"Yasuo",17,17,6.4,6.4,5.4,11732,198.6,16,12,136426,20435,0,0,0,0,50,34,1.84375,"Mid"
199,"7",9,"Vladimir",21,12,7.7,4.8,5.8,12140,193.6,21,10,134882,28193,0,0,0,0,63,33,2.8125,"Mid"
200,"7",10,"Ekko",13,12,10,5,6,13361,201.9,27,12,154649,26426,0,0,0,0,52,25,3.2,"Mid"
201,"7",11,"Draven",11,11,6,5.7,5.9,12754,198.3,12,13,145556,19618,0,0,0,0,50,22,2.08771929824561,"Bot"
202,"7",12,"Cassiopeia",8,11,6.2,5.5,6.9,12181,203.2,10,9,123470,20519,0,0,0,0,42,19,2.38181818181818,"Mid"
203,"7",13,"Skarner",10,7,5.9,4.3,6.8,11207,131.4,15,9,131805,25426,0,0,0,0,58,17,2.95348837209302,"Jungle"
204,"7",14,"Orianna",8,9,5.2,4.8,8,12547,224.1,12,11,154540,16477,0,0,0,0,47,17,2.75,"Mid"
205,"7",15,"Varus",7,10,3.7,4.6,5.1,10202,184.2,11,10,107380,13631,0,0,0,0,41,17,1.91304347826087,"Bot"
206,"7",16,"Janna",10,6,0.6,2.6,11,7967,13.8,2,8,12393,10362,0,0,0,0,62,16,4.46153846153846,"Support"
207,"7",17,"Veigar",9,5,10,5,5,14439,233.1,16,10,186777,19110,0,0,0,0,64,14,3,"Mid"
208,"7",18,"Twitch",5,4,8.8,7.6,8.9,13139,182.9,21,13,133850,23735,0,0,0,0,55,9,2.32894736842105,"Bot"
209,"7",19,"Kassadin",3,5,6.8,5.1,5,11683,200,19,8,111061,21964,0,0,0,0,37,8,2.31372549019608,"Mid"
210,"7",20,"Kog'Maw",3,3,7.8,6,8,12697,204.8,12,8,130719,20304,0,0,0,0,50,6,2.63333333333333,"Bot"
211,"7",21,"Lissandra",3,3,3.8,4.3,3.2,9180,168.2,5,7,102678,14865,0,0,0,0,50,6,1.62790697674419,"Mid"
212,"7",22,"Corki",3,3,6.5,5.5,5.3,11304,174.7,12,9,118440,15991,0,0,0,0,50,6,2.14545454545455,"Mid"
213,"7",23,"Akali",3,3,8.7,7,5.3,11998,166.3,15,11,119743,29029,0,0,0,0,50,6,2,"Mid"
214,"7",24,"Urgot",1,4,8.8,6.4,6,12597,194,12,9,139764,27364,0,0,0,0,20,5,2.3125,"Top"
215,"7",25,"Gangplank",0,5,5.2,6.2,6.4,12923,228.8,9,11,205799,29200,0,0,0,0,0,5,1.87096774193548,"Top"
216,"7",26,"Jax",1,3,2.3,4,3,8731,171,6,6,91609,14609,0,0,0,0,25,4,1.325,"Top"
217,"7",27,"Brand",1,3,4.8,6,5.3,9319,29.3,8,9,42292,13942,0,0,0,0,25,4,1.68333333333333,"Support"
218,"7",28,"Syndra",2,1,9.7,6.3,9.3,15140,230.3,15,8,187876,23947,0,0,0,0,66,3,3.01587301587302,"Mid"
219,"7",29,"Soraka",2,1,2,6,17,10127,21.7,3,6,22271,14738,0,0,0,0,66,3,3.16666666666667,"Support"
220,"7",30,"Kalista",1,2,8.7,13,8,11527,147.3,10,18,91934,26814,0,0,0,0,33,3,1.28461538461538,"Bot"
221,"7",31,"Jinx",1,2,4.3,6.7,5,9164,145.3,7,8,82204,15093,0,0,0,0,33,3,1.38805970149254,"Bot"
222,"7",32,"Nasus",1,2,3.7,6.3,3.3,11272,203.7,9,8,139481,30983,0,0,0,0,33,3,1.11111111111111,"Top"
223,"7",33,"Jayce",0,3,8,8,6.3,10700,152.7,16,12,106747,25592,0,0,0,0,0,3,1.7875,"Top"
224,"7",34,"Malzahar",1,1,8,7,8.5,15106,250.5,10,8,201391,22919,0,0,0,0,50,2,2.35714285714286,"Mid"
225,"7",35,"Irelia",0,2,6,7,8,11278,197,6,7,112743,24941,0,0,0,0,0,2,2,"Top"
226,"7",36,"Zed",0,2,5.5,7,2,10128,170.5,7,8,87137,18986,0,0,0,0,0,2,1.07142857142857,"Mid"
227,"7",37,"Maître Yi",0,2,5,6.5,1.5,11330,218.5,7,8,142529,21148,0,0,0,0,0,2,1,"Jungle"
228,"7",38,"Gragas",1,0,2,2,5,10636,120,2,2,114576,32852,0,0,0,0,100,1,3.5,"Top"
229,"7",39,"Wukong",1,0,10,5,20,19191,267,10,5,284404,52749,0,0,0,0,100,1,6,"Top"
230,"7",40,"Xayah",1,0,6,6,13,13359,199,6,6,144968,19190,0,0,0,0,100,1,3.16666666666667,"Bot"
231,"7",41,"Zyra",1,0,6,2,13,11483,65,6,2,75887,11409,0,0,0,0,100,1,9.5,"Support"
232,"7",42,"Cho'Gath",1,0,12,3,12,15284,185,12,3,199814,54659,0,0,0,0,100,1,8,"Top"
233,"7",43,"Trundle",1,0,6,8,10,11846,155,6,8,99343,27677,0,0,0,0,100,1,2,"Jungle"
234,"7",44,"Taliyah",1,0,6,2,7,11185,155,6,2,99794,12908,0,0,0,0,100,1,6.5,"Jungle"
235,"7",45,"Ashe",1,0,4,3,10,12364,229,4,3,150239,14839,0,0,0,0,100,1,4.66666666666667,"Bot"
236,"7",46,"Kayle",1,0,4,4,10,12105,224,4,4,147777,17564,0,0,0,0,100,1,3.5,"Top"
237,"7",47,"Pantheon",1,0,11,5,5,12973,173,11,5,118837,20301,0,0,0,0,100,1,3.2,"Support"
238,"7",48,"Annie",0,1,3,6,8,11201,232,3,6,134078,14564,0,0,0,0,0,1,1.83333333333333,"Mid"
239,"7",49,"Blitzcrank",0,1,3,2,3,7389,52,3,2,23981,12811,0,0,0,0,0,1,3,"Support"
240,"7",50,"Hecarim",0,1,2,6,6,8010,104,2,6,78962,25687,0,0,0,0,0,1,1.33333333333333,"Jungle"
241,"7",51,"Vayne",0,1,2,4,1,5161,93,2,4,29839,8149,0,0,0,0,0,1,0.75,"Bot"
242,"7",52,"Tryndamere",0,1,3,9,6,9963,180,3,9,123092,34496,0,0,0,0,0,1,1,"Top"
243,"7",53,"Tahm Kench",0,1,1,8,5,8648,53,1,8,39307,29520,0,0,0,0,0,1,0.75,"Top"
244,"7",54,"Xerath",0,1,7,6,6,9902,168,7,6,101160,12835,0,0,0,0,0,1,2.16666666666667,"Mid"
245,"7",55,"Darius",0,1,3,5,4,11306,239,3,5,128500,27940,0,0,0,0,0,1,1.4,"Top"
246,"7",56,"Garen",0,1,5,8,6,9581,118,5,8,70506,22126,0,0,0,0,0,1,1.375,"Top"
247,"7",57,"Evelynn",0,1,1,9,3,9129,114,1,9,124309,36858,0,0,0,0,0,1,0.444444444444444,"Jungle"
248,"7",58,"Zac",0,1,3,5,3,8037,97,3,5,94836,31527,0,0,0,0,0,1,1.2,"Jungle"
249,"7",59,"Singed",0,1,1,5,2,6833,134,1,5,74063,19689,0,0,0,0,0,1,0.6,"Top"
250,"7",60,"Lucian",0,1,7,4,1,9686,188,7,4,103714,12447,0,0,0,0,0,1,2,"Bot"
251,"8",1,"Ziggs",77,77,6.9,4.2,6.8,12856,226.5,20,10,180599,14544,90,17,3,0,50,154,3.26190476190476,"Mid"
252,"8",2,"Ekko",56,43,7.1,4,5.5,11711,199.9,24,12,135909,22848,71,9,1,0,56,99,3.15,"Mid"
253,"8",3,"Azir",56,41,7,4.3,6.1,12561,226.3,19,10,153467,16227,94,21,3,0,57,97,3.04651162790698,"Mid"
254,"8",4,"Ezreal",20,27,5.8,4.5,7,11808,197.7,17,11,127095,14600,29,6,0,0,42,47,2.84444444444444,"Bot"
255,"8",5,"Vladimir",13,19,5.4,3.6,4.6,10761,200.1,15,10,130516,22357,15,2,0,0,40,32,2.77777777777778,"Mid"
256,"8",6,"Sivir",10,11,6.5,4.2,6.9,12834,239.8,15,9,186025,16806,20,4,1,0,47,21,3.19047619047619,"Bot"
257,"8",7,"Lux",4,10,4.5,4.6,6.4,10703,193.3,7,9,126049,13459,5,0,0,0,28,14,2.3695652173913,"Mid"
258,"8",8,"Vel'Koz",3,3,6.8,3.7,8,12806,238.8,12,9,165325,14586,3,0,0,0,50,6,4,"Mid"
259,"8",9,"Lissandra",2,2,3.8,3,4.3,9230,175,5,7,111401,13208,2,0,0,0,50,4,2.7,"Mid"
260,"8",10,"Kog'Maw",1,1,4.5,6.5,7,11974,209,6,11,130636,16151,1,0,0,0,50,2,1.76923076923077,"Bot"
261,"8",11,"Varus",1,1,4.5,5,8,12558,250.5,7,7,172380,14229,1,0,0,0,50,2,2.5,"Bot"
262,"8",12,"Cassiopeia",0,2,8.5,6,6,11888,169.5,12,6,106329,17728,4,1,0,0,0,2,2.41666666666667,"Mid"
263,"8",13,"Viktor",0,2,2,3.5,3.5,9105,207,3,5,137322,12359,0,0,0,0,0,2,1.57142857142857,"Mid"
264,"8",14,"Janna",0,2,3,5,7.5,7074,17.5,4,8,17189,13414,0,0,0,0,0,2,2.1,"Support"
265,"8",15,"Draven",1,0,15,10,4,18684,250,15,10,198597,24509,3,0,0,0,100,1,1.9,"Bot"
266,"8",16,"Xerath",1,0,8,6,20,16939,295,8,6,211924,19195,0,0,0,0,100,1,4.66666666666667,"Mid"
267,"8",17,"Veigar",1,0,15,6,12,14460,184,15,6,155274,21882,2,0,0,0,100,1,4.5,"Mid"
268,"8",18,"Skarner",0,1,1,5,2,8533,144,1,5,107060,23501,0,0,0,0,0,1,0.6,"Jungle"
269,"8",19,"Ryze",0,1,3,5,2,9809,185,3,5,104667,18364,0,0,0,0,0,1,1,"Mid"
270,"8",20,"Kai'Sa",0,1,1,5,2,6698,147,1,5,47308,9708,0,0,0,0,0,1,0.6,"Bot"
271,"8",21,"Caitlyn",0,1,2,3,1,7746,179,2,3,91546,10347,0,0,0,0,0,1,1,"Bot"
272,"9",1,"Lux",115,94,6,2.7,7.4,11020,184.5,19,11,122822,10908,123,14,0,0,55,209,4.96296296296296,"Mid"
273,"9",2,"Ziggs",53,62,5.9,3.3,6.8,12369,214,16,8,172750,14425,55,6,0,0,46,115,3.84848484848485,"Mid"
274,"9",3,"Ezreal",38,28,7.2,4.5,8.4,12517,180.8,24,9,131729,16089,57,6,1,1,57,66,3.46666666666667,"Bot"
275,"9",4,"Lissandra",21,19,5.7,4.5,8.4,11700,191.6,16,10,136518,16849,30,6,0,0,52,40,3.13333333333333,"Mid"
276,"9",5,"Caitlyn",12,13,6.9,5,6.4,12199,191.4,20,9,150963,16503,17,5,2,0,48,25,2.66,"Bot"
277,"9",6,"Azir",10,10,6.2,3.9,7.3,11944,187.6,21,7,132907,16097,17,1,0,0,50,20,3.46153846153846,"Mid"
278,"9",7,"Nasus",7,4,7.7,5,4.8,12418,174.1,12,10,139108,28462,8,1,0,0,63,11,2.5,"Top"
279,"9",8,"Corki",5,4,5.8,5.1,7.3,10606,170.4,11,11,116770,19309,10,2,0,0,55,9,2.56862745098039,"Mid"
280,"9",9,"Malzahar",6,2,7.8,5.6,12,14961,234.1,17,8,187458,19253,7,0,0,0,75,8,3.53571428571429,"Mid"
281,"9",10,"Xerath",4,3,8.1,4.1,7.3,13615,234.7,14,6,185152,14936,6,2,0,0,57,7,3.75609756097561,"Mid"
282,"9",11,"Sivir",4,3,7.6,4.7,8.7,13616,234.3,12,9,182251,17818,6,0,0,0,57,7,3.46808510638298,"Bot"
283,"9",12,"Neeko",4,2,6.7,6.5,7,13864,234.2,9,13,189894,23929,4,1,0,0,66,6,2.10769230769231,"Mid"
284,"9",13,"Jhin",4,2,10,5,9,14988,210.2,18,8,211624,22109,11,1,0,0,66,6,3.8,"Bot"
285,"9",14,"Cassiopeia",3,3,4.3,5.5,4.2,9269,159.2,13,9,82083,15425,5,1,0,0,50,6,1.54545454545455,"Mid"
286,"9",15,"Ryze",2,3,9.2,5.8,8.4,14576,233.2,17,8,196081,26639,3,0,0,0,40,5,3.03448275862069,"Mid"
287,"9",16,"Zilean",3,1,4.3,3.3,12,11486,182.8,7,5,135916,19728,1,0,0,0,75,4,4.93939393939394,"Support"
288,"9",17,"Tryndamere",3,1,7.3,6.3,6.8,14982,227.8,14,7,222874,37014,3,0,0,0,75,4,2.23809523809524,"Top"
289,"9",18,"Vladimir",1,3,4,5.3,4.8,9956,189.3,8,8,113187,26006,0,0,0,0,25,4,1.66037735849057,"Mid"
290,"9",19,"Skarner",2,1,3,4,12,10535,139.3,6,7,124408,28682,0,0,0,0,66,3,3.75,"Jungle"
291,"9",20,"Singed",2,1,3,5.3,9.7,10266,166,4,7,119194,30250,0,0,0,0,66,3,2.39622641509434,"Top"
292,"9",21,"Karthus",1,1,7.5,3,3,11426,179.5,9,4,114147,14079,0,0,0,0,50,2,3.5,"Jungle"
293,"9",22,"Orianna",1,1,4.5,4.5,6,9159,151.5,7,7,87355,14003,1,0,0,0,50,2,2.33333333333333,"Mid"
294,"9",23,"Mordekaiser",0,2,5,6.5,2,9231,148.5,8,7,103978,25286,1,0,0,0,0,2,1.07692307692308,"Top"
295,"9",24,"Kayn",0,2,4.5,6.5,2.5,8610,122,9,10,105134,28384,1,0,0,0,0,2,1.07692307692308,"Jungle"
296,"9",25,"Draven",0,2,4.5,7.5,3.5,11303,191,7,8,125786,19189,0,0,0,0,0,2,1.06666666666667,"Bot"
297,"9",26,"Ekko",1,0,9,3,9,14806,214,9,3,159586,20295,1,0,0,0,100,1,6,"Mid"
298,"9",27,"Garen",1,0,8,2,8,15188,243,8,2,181617,31563,1,0,0,0,100,1,8,"Top"
299,"9",28,"Kha'Zix",0,1,4,7,3,6897,73,4,7,61627,18598,1,0,0,0,0,1,1,"Jungle"
300,"9",29,"Lee Sin",0,1,5,7,5,8508,98,5,7,80409,23042,0,0,0,0,0,1,1.42857142857143,"Jungle"
301,"9",30,"Akali",0,1,7,7,3,11558,172,7,7,115426,24078,1,0,0,0,0,1,1.42857142857143,"Mid"
302,"9",31,"Viktor",0,1,0,4,4,6640,141,0,4,74629,8467,0,0,0,0,0,1,1,"Mid"
303,"9",32,"Brand",0,1,3,6,6,8043,131,3,6,81424,14432,0,0,0,0,0,1,1.5,"Support"
304,"9",33,"Diana",0,1,5,8,8,11570,198,5,8,139171,21556,1,0,0,0,0,1,1.625,"Jungle"
305,"9",34,"LeBlanc",0,1,6,8,2,9392,146,6,8,81483,16812,0,0,0,0,0,1,1,"Mid"
306,"9",35,"Kennen",0,1,11,7,8,16887,219,11,7,175886,33089,0,0,0,0,0,1,2.71428571428571,"Top"
307,"10",1,"Lux",26,27,6.5,3.4,8,11500,193.2,24,7,130057,11747,35,2,0,0,49,53,4.26470588235294,"Mid"
308,"10",2,"Diana",12,15,6.6,5,5,11433,189.7,13,9,132777,20826,19,3,0,0,44,27,2.32,"Jungle"
309,"10",3,"Séraphine",16,10,6.4,3.4,9,11820,196.8,15,8,133172,11970,16,2,0,0,61,26,4.52941176470588,"Support"
310,"10",4,"Azir",10,12,5.5,3.8,4.1,10555,189.2,17,9,116070,15528,16,2,0,0,45,22,2.52631578947368,"Mid"
311,"10",5,"Ezreal",12,7,7.6,4.1,6.4,11870,186.9,20,10,129029,17298,15,2,1,0,63,19,3.41463414634146,"Bot"
312,"10",6,"Malzahar",9,4,4.9,4.2,6.8,11399,205.6,11,7,144804,13551,4,2,0,0,69,13,2.78571428571429,"Mid"
313,"10",7,"Ziggs",6,7,4.1,4.4,6.2,11883,217.7,9,7,166512,15383,4,0,0,0,46,13,2.34090909090909,"Mid"
314,"10",8,"Karthus",5,7,8.2,4.8,8.3,11825,188.7,20,9,134530,21945,13,0,0,0,41,12,3.4375,"Jungle"
315,"10",9,"Twisted Fate",7,4,5.1,4.7,7.1,11391,176.3,11,11,122395,18691,4,0,0,0,63,11,2.59574468085106,"Mid"
316,"10",10,"Lissandra",3,6,5.6,5,5.1,10371,179.3,15,9,115048,17006,5,1,0,0,33,9,2.14,"Mid"
317,"10",11,"Viktor",4,4,8.9,5.3,7.3,13217,218.4,14,8,166271,16927,11,2,0,0,50,8,3.05660377358491,"Mid"
318,"10",12,"Kennen",2,6,9.3,6.4,8.8,12551,172.1,21,10,118613,23468,12,0,0,0,25,8,2.828125,"Top"
319,"10",13,"Cassiopeia",3,4,4.4,4.3,3.4,9039,166.1,9,7,86205,15728,2,0,0,0,42,7,1.81395348837209,"Mid"
320,"10",14,"Ashe",3,4,7,5.7,11,12627,200.3,12,9,160535,18628,8,1,0,0,42,7,3.15789473684211,"Bot"
321,"10",15,"Varus",1,6,5,4.7,4.4,10317,185.6,14,12,108572,12781,5,0,0,0,14,7,2,"Bot"
322,"10",16,"Orianna",4,2,5,2.8,7.2,10403,188.7,9,5,117955,11733,2,1,0,0,66,6,4.35714285714286,"Mid"
323,"10",17,"Aurelion Sol",4,0,5.3,2.5,12,10931,168.3,9,5,115988,20207,1,0,0,0,100,4,6.92,"Mid"
324,"10",18,"Kai'Sa",3,1,5.8,4.8,9.3,11611,169,7,6,124243,18268,0,0,0,0,75,4,3.14583333333333,"Bot"
325,"10",19,"Kog'Maw",2,2,6.3,6,10,13159,228.8,10,8,156057,23879,4,1,0,0,50,4,2.71666666666667,"Bot"
326,"10",20,"Samira",1,3,6,5.5,5.5,12143,230.3,11,8,149419,20200,4,0,0,0,25,4,2.09090909090909,"Bot"
327,"10",21,"Sylas",1,3,5.5,6,7.5,9453,142.3,14,8,88433,24208,2,1,0,0,25,4,2.16666666666667,"Mid"
328,"10",22,"Yone",1,2,5,8.3,4.3,11546,195,7,10,139886,27435,1,0,0,0,33,3,1.12048192771084,"Mid"
329,"10",23,"Ryze",0,2,2,3,1,7234,158.5,4,4,77438,11247,0,0,0,0,0,2,1,"Mid"
330,"10",24,"Jhin",0,2,4,4,4.5,9823,177,5,5,111862,12790,0,0,0,0,0,2,2.125,"Bot"
331,"10",25,"Jinx",0,2,5,4.5,3,7428,117.5,9,6,60034,10518,1,0,0,0,0,2,1.77777777777778,"Bot"
333,"10",27,"Sivir",0,1,7,6,16,16763,285,7,6,225830,24200,0,0,0,0,0,1,3.83333333333333,"Bot"
334,"10",28,"Zilean",0,1,1,9,11,8236,134,1,9,77300,19593,0,0,0,0,0,1,1.33333333333333,"Support"
335,"10",29,"Ekko",0,1,3,8,11,11926,202,3,8,171440,35705,0,0,0,0,0,1,1.75,"Mid"
336,"10",30,"Ahri",0,1,6,7,6,9672,162,6,7,103859,15888,0,0,0,0,0,1,1.71428571428571,"Mid"
337,"10",31,"Fiddlesticks",0,1,3,7,4,7651,118,3,7,91003,19554,1,0,0,0,0,1,1,"Jungle"
338,"10",32,"Caitlyn",0,1,7,3,10,15149,257,7,3,233589,19132,2,0,0,0,0,1,5.66666666666667,"Bot"
339,"11",1,"Akshan",109,91,10,5,6,12921,173.2,34,14,127830,19631,270,43,16,3,54,200,3.2,"Mid"
340,"11",2,"Lux",23,17,6.7,4.4,7.6,11502,189.8,18,10,132126,11990,29,3,0,0,57,40,3.25,"Mid"
341,"11",3,"Ezreal",11,13,7,3.9,5.5,11525,192,30,9,128300,17059,27,1,0,0,45,24,3.20512820512821,"Bot"
342,"11",4,"Anivia",7,3,10,3,7,13080,195.7,22,6,142339,19644,16,2,0,0,70,10,5.66666666666667,"Mid"
343,"11",5,"Kog'Maw",4,3,8.7,5.6,8.9,11576,156.3,18,11,104896,17965,9,0,0,0,57,7,3.14285714285714,"Bot"
344,"11",6,"Viktor",3,1,7.3,3.3,5.5,10844,172,16,6,111315,12508,5,1,0,0,75,4,3.87878787878788,"Mid"
345,"11",7,"Sylas",1,3,5.8,9.3,5,12019,182.3,11,12,123831,33894,3,0,0,0,25,4,1.16129032258065,"Mid"
346,"11",8,"Rell",1,1,5,3.5,22,10817,47.5,10,5,39749,25056,1,0,0,0,50,2,7.71428571428571,"Support"
347,"11",9,"Séraphine",1,1,9,4,17,13442,187.5,10,5,143879,15466,1,0,0,0,50,2,6.5,"Support"
348,"11",10,"Vex",1,0,6,7,12,16686,293,6,7,267860,23583,1,0,0,0,100,1,2.57142857142857,"Mid"
349,"11",11,"Veigar",1,0,18,6,6,15974,188,18,6,152373,17360,4,0,0,0,100,1,4,"Mid"
350,"11",12,"Ashe",1,0,13,6,16,16957,227,13,6,215370,25841,1,0,0,0,100,1,4.83333333333333,"Bot"
351,"11",13,"Fizz",1,0,10,7,17,13380,137,10,7,87553,28123,0,0,0,0,100,1,3.85714285714286,"Mid"
352,"11",14,"Diana",1,0,10,4,8,17521,287,10,4,257625,25797,0,0,0,0,100,1,4.5,"Jungle"
353,"11",15,"Qiyana",0,1,4,7,2,10143,197,4,7,119463,19962,0,0,0,0,0,1,0.857142857142857,"Mid"
354,"11",16,"Caitlyn",0,1,8,3,5,13661,258,8,3,192095,20733,0,0,0,0,0,1,4.33333333333333,"Bot"
355,"11",17,"Ziggs",0,1,6,11,7,13450,211,6,11,154474,23410,0,0,0,0,0,1,1.18181818181818,"Mid"
356,"11",18,"Cassiopeia",0,1,5,3,3,9298,179,5,3,76389,13976,1,0,0,0,0,1,2.66666666666667,"Mid"
357,"11",19,"Camille",0,1,7,6,4,12397,208,7,6,140459,33520,0,0,0,0,0,1,1.83333333333333,"Top"
358,"11",20,"Pyke",0,1,6,11,11,9978,38,6,11,28083,23543,1,0,0,0,0,1,1.54545454545455,"Support"
359,"11",21,"Kayn",0,1,1,10,6,5789,79,1,10,66242,24808,0,0,0,0,0,1,0.7,"Jungle"
360,"11",22,"Azir",0,1,9,6,3,10171,158,9,6,108256,17501,2,0,0,0,0,1,2,"Mid"
